{
  "meta": {
    "source_xlsx": "SIMULADOR PS DIRE RIO V2 - BASE ESTOQUE ALIMENTADORA.xlsx",
    "generated_at_utc": "2026-03-22T03:48:51.098430+00:00",
    "notes": "C41 Emcash: INT(MIN(HLOOKUP(class,D7:H8,2), preco*prosoluto_pct)). B43 Direcional: VLOOKUP(meses, COMPARADOR B:CE, 82)."
  },
  "politicas_by_class": {
    "EMCASH": {
      "classificacao": "EMCASH",
      "prosoluto_pct": 0.25,
      "parcelas_padrao": 66,
      "contagem_col_offset": 0.0
    },
    "DIAMANTE": {
      "classificacao": "DIAMANTE",
      "prosoluto_pct": 0.25,
      "parcelas_padrao": 84,
      "contagem_col_offset": 1.0
    },
    "OURO": {
      "classificacao": "OURO",
      "prosoluto_pct": 0.2,
      "parcelas_padrao": 84,
      "contagem_col_offset": 2.0
    },
    "PRATA": {
      "classificacao": "PRATA",
      "prosoluto_pct": 0.18,
      "parcelas_padrao": 84,
      "contagem_col_offset": 3.0
    },
    "BRONZE": {
      "classificacao": "BRONZE",
      "prosoluto_pct": 0.15,
      "parcelas_padrao": 84,
      "contagem_col_offset": 4.0
    },
    "AÇO": {
      "classificacao": "AÇO",
      "prosoluto_pct": 0.12,
      "parcelas_padrao": 84,
      "contagem_col_offset": 5.0
    }
  },
  "emcash_hlookup_teto": {
    "DIAMANTE": 41929.76535,
    "OURO": 41929.76535,
    "PRATA": 37736.78881,
    "BRONZE": 31447.32401,
    "AÇO": 20964.88267
  },
  "parcela_b43_por_meses": {
    "1": 815.4911018,
    "2": 807.6214712,
    "3": 799.9870695,
    "4": 792.5789246,
    "5": 785.3885399,
    "6": 778.4078635,
    "7": 771.6292602,
    "8": 765.0454853,
    "9": 758.6496609,
    "10": 752.4352535,
    "11": 746.3960532,
    "12": 740.5261548,
    "13": 734.8199397,
    "14": 729.2720596,
    "15": 723.8774212,
    "16": 718.6311714,
    "17": 713.5286843,
    "18": 708.565549,
    "19": 703.7375572,
    "20": 699.040693,
    "21": 694.4711227,
    "22": 690.0251848,
    "23": 685.6993818,
    "24": 681.4903715,
    "25": 677.394959,
    "26": 673.4100899,
    "27": 669.5328432,
    "28": 665.7604248,
    "29": 662.0901616,
    "30": 658.5194955,
    "31": 655.0459786,
    "32": 651.6672678,
    "33": 648.3811202,
    "34": 645.1853885,
    "35": 642.0780171,
    "36": 639.0570378,
    "37": 636.1205667,
    "38": 633.2667999,
    "39": 630.4940107,
    "40": 627.8005466,
    "41": 625.184826,
    "42": 622.6453355,
    "43": 620.1806277,
    "44": 617.7893182,
    "45": 615.4700836,
    "46": 613.2216594,
    "47": 611.0428375,
    "48": 608.9324648,
    "49": 606.8894409,
    "50": 604.9127169,
    "51": 603.0012931,
    "52": 601.1542183,
    "53": 599.3705876,
    "54": 597.6495414,
    "55": 595.9902642,
    "56": 594.3919834,
    "57": 592.853968,
    "58": 591.3755277,
    "59": 589.9560121,
    "60": 588.5948095,
    "61": 587.2913461,
    "62": 586.0450856,
    "63": 584.855528,
    "64": 583.7222093,
    "65": 582.6447008,
    "66": 581.6226085,
    "67": 580.6555727,
    "68": 579.7432676,
    "69": 578.8854008,
    "70": 578.0817129,
    "71": 577.3319777,
    "72": 576.6360013,
    "73": 575.9936225,
    "74": 575.4047124,
    "75": 574.8691742,
    "76": 574.3869435,
    "77": 573.957988,
    "78": 573.5823078,
    "79": 573.2599355,
    "80": 572.9909361,
    "81": 572.7754074,
    "82": 572.6134805,
    "83": 572.5053198,
    "84": 572.4511368,
    "85": 573.7802612,
    "86": 575.11129,
    "87": 576.4442225,
    "88": 577.7790578,
    "89": 579.115795,
    "90": 580.4544334,
    "91": 581.7949722,
    "92": 583.1374103
  }
}